"variable","mean","median","sd","2.5%","5%","95%","97.5%"
"Biden mask (offset)",-0.158611612752025,-0.158653,0.139733482135427,-0.437208225,-0.38770025,0.07083352,0.120389
"CDC (offset)",-0.18171873344,-0.1784865,0.134762066066587,-0.451316725,-0.4022748,0.0356634699999998,0.07340499
"Election (offset)",0.211892039178,0.211745,0.108930629695112,-0.001690687,0.0312167,0.38889845,0.42037355
"Trump mask (offset)",0.31719220315375,0.3168545,0.116448196079671,0.0855766525,0.12439685,0.5093343,0.54644495
