"variable","mean","median","sd","2.5%","5%","95%","97.5%"
"Biden mask (offset)",0.0152210677890558,0.01648745,0.0963360170989544,-0.1740452,-0.14245725,0.1692372,0.2049945
"CDC (offset)",-0.3950696695,-0.3940155,0.111098270771476,-0.61504275,-0.5765604,-0.2100168,-0.17647795
"Election (offset)",0.35904308395,0.3573195,0.0872776640445028,0.196792675,0.2196699,0.5064857,0.534900675
"Trump mask (offset)",0.12366336804125,0.1229915,0.0916176860592086,-0.053895375,-0.026784,0.27661915,0.301182075
