"variable","mean","median","sd","2.5%","5%","95%","97.5%"
"Biden mask (offset)",0.105076373266875,0.106327,0.111261286842808,-0.10974105,-0.075271025,0.2876915,0.32754065
"CDC (offset)",-0.6663812995,-0.665611,0.162481101016096,-0.987496125,-0.93446895,-0.3963181,-0.34749995
"Election (offset)",0.4470264585,0.447408,0.0997767989223601,0.2522828,0.2819427,0.60977055,0.640134725
"Trump mask (offset)",-0.025272551445875,-0.0258098,0.1111862667243,-0.241913675,-0.20964865,0.1530354,0.1856965
