"variable","mean","median","sd","2.5%","5%","95%","97.5%"
"CDC (offset)",0.562927507175,0.563582,0.155386967090943,0.260670275,0.306447,0.8183869,0.8703158
"Biden mask (offset)",0.0840165747679,0.08333435,0.153397545148188,-0.211075775,-0.1642992,0.33213815,0.38276275
"Trump mask (offset)",-0.4335041738425,-0.430248,0.149129957908036,-0.732182725,-0.68363845,-0.1930089,-0.151463725
"Election (offset)",-1.165803523,-1.16648,0.152431088255894,-1.4704415,-1.411821,-0.9115581,-0.8557807
