"variable","mean","median","sd","2.5%","5%","95%","97.5%"
"Biden mask (offset)",0.038941557423875,0.0405823,0.176386088783983,-0.310593825,-0.2553337,0.3310351,0.39174055
"CDC (offset)",1.2424907035,1.24274,0.207169009357678,0.833932575,0.9066702,1.5861985,1.657561
"Election (offset)",-1.35540278375,-1.355315,0.190381532151332,-1.74130075,-1.6750635,-1.047246,-0.9855686
"Trump mask (offset)",-0.240726360174,-0.23823,0.176667304316906,-0.58393005,-0.52814615,0.0541299949999999,0.101885725
